CcnId,Hsi
010018,HSI00001116
010025,HSI00000325
010054,HSI00000467
010145,HSI00000297
010167,HSI00001116
030019,HSI00001037
030100,HSI00001066
030102,HSI00001066
030118,HSI00001273
033040,HSI00000314
040080,HSI00001145
040138,HSI00000249
040141,HSI00000249
044010,HSI00000911
047099,HSI00000183
047326,HSI00000074
050188,HSI00000336
050193,HSI00000852
050270,HSI00000968
050369,HSI00000226
050470,HSI00000011
050613,HSI00001224
050680,HSI00000755
050749,HSI00000492
053028,HSI00000283
053310,HSI00000981
053981,HSI00000011
054144,HSI00001168
054150,HSI00000536
054155,HSI00000404
060127,HSI00000991
060128,HSI00001169
070001,HSI00001272
070009,HSI00000452
070015,HSI00001253
074000,HSI00000055
080009,HSI00000094
100015,HSI00000492
100061,HSI00000492
100114,HSI00000523
100210,HSI00001066
100225,HSI00000653
100329,HSI00000492
101312,HSI00000075
103030,HSI00001066
104032,HSI00001148
104065,HSI00001148
104076,HSI00001148
104080,HSI00001148
109802,HSI00000010
110163,HSI00000823
110219,HSI00001244
113301,HSI00000209
114015,HSI00000492
114023,HSI00000584
125003,HSI00000536
125023,HSI00000536
125029,HSI00000454
125032,HSI00000454
127019,HSI00001087
140051,HSI00000756
140094,HSI00000055
142012,HSI00001277
143413,HSI00000070
143445,HSI00000776
150003,HSI00000375
150090,HSI00000375
150154,HSI00000248
153043,HSI00000248
154042,HSI00000305
162002,HSI00000152
162324,HSI00000183
167049,HSI00001106
167162,HSI00001146
167190,HSI00000631
170192,HSI00000492
180151,HSI00001174
190078,HSI00000584
190135,HSI00000780
190175,HSI00000780
190177,HSI00000492
190182,HSI00000492
190196,HSI00000492
190205,HSI00000562
190236,HSI00001263
190257,HSI00000152
190261,HSI00001037
190275,HSI00000780
193034,HSI00000555
194114,HSI00000780
197119,HSI00000780
215033,HSI00000582
220082,HSI00000598
220089,HSI00001066
220174,HSI00001037
222319,HSI00001066
223504,HSI00001122
230004,HSI00001106
230223,HSI00000055
231317,HSI00001021
232029,HSI00001021
232034,HSI00000055
233975,HSI00000715
233979,HSI00001106
233998,HSI00000055
234043,HSI00001148
235161,HSI00000057
235460,HSI00000715
238636,HSI00001021
240132,HSI00000029
241820,HSI00000357
243416,HSI00000350
243850,HSI00000958
243997,HSI00000350
244009,HSI00000631
245263,HSI00000464
247049,HSI00000068
247110,HSI00000207
247160,HSI00000958
247223,HSI00000350
247279,HSI00000183
248060,HSI00000958
249801,HSI00000631
254011,HSI00001148
260178,HSI00001178
260198,HSI00000902
260211,HSI00000935
264011,HSI00001178
264016,HSI00000492
264018,HSI00000935
264029,HSI00000070
265289,HSI00000290
267246,HSI00000070
267263,HSI00000902
268539,HSI00000935
269804,HSI00001178
273998,HSI00000114
277045,HSI00000114
277060,HSI00000114
277066,HSI00000114
280135,HSI00000143
283440,HSI00000871
283990,HSI00000143
287052,HSI00000868
287075,HSI00000487
290051,HSI00000178
310018,HSI00000845
310116,HSI00000929
315442,HSI00001105
320079,HSI00000843
320083,HSI00000046
320087,HSI00000152
320090,HSI00000843
323029,HSI00000956
327027,HSI00000843
330010,HSI00000055
330036,HSI00000882
330061,HSI00000731
330064,HSI00000731
330067,HSI00001252
330072,HSI00000700
330091,HSI00001106
330159,HSI00000904
330189,HSI00000019
330306,HSI00000717
330339,HSI00000339
330340,HSI00001038
330353,HSI00000767
330372,HSI00000767
330389,HSI00000717
331306,HSI00001185
333030,HSI00000700
333560,HSI00000731
353992,HSI00001107
357013,HSI00000183
357030,HSI00000183
360019,HSI00001043
360062,HSI00001086
360115,HSI00001156
360271,HSI00001118
362339,HSI00000848
363302,HSI00001156
365800,HSI00001156
366074,HSI00000065
367139,HSI00001086
370105,HSI00000902
370148,HSI00000492
370176,HSI00000919
370232,HSI00000919
377208,HSI00000507
380068,HSI00001111
390011,HSI00000584
390019,HSI00000936
390169,HSI00000388
390189,HSI00000388
390327,HSI00001243
391316,HSI00001126
395228,HSI00001126
395951,HSI00000577
437009,HSI00000958
437063,HSI00000068
440024,HSI00000249
440054,HSI00000584
440064,HSI00000492
440135,HSI00000492
440189,HSI00001250
440226,HSI00000249
441924,HSI00000203
444006,HSI00001284
444017,HSI00000286
447424,HSI00000055
450008,HSI00000096
450037,HSI00000152
450059,HSI00000152
450096,HSI00000152
450126,HSI00000492
450191,HSI00000492
450497,HSI00000251
450530,HSI00000492
450591,HSI00001165
450615,HSI00000152
450646,HSI00000492
450796,HSI00001148
450811,HSI00001148
450824,HSI00000492
450860,HSI00001066
450878,HSI00000492
45165E,HSI00000851
453038,HSI00000492
453315,HSI00000152
454032,HSI00000055
454096,HSI00000492
454140,HSI00001148
461333,HSI00000516
490071,HSI00000492
490138,HSI00000192
490145,HSI00000492
49033E,HSI00001213
494001,HSI00000883
495374,HSI00001284
500154,HSI00000714
503983,HSI00000814
510085,HSI00000147
515045,HSI00001251
517037,HSI00000698
523998,HSI00000631
527268,HSI00000902
530010,HSI00000584
537014,HSI00000206
537050,HSI00000868
555209,HSI00000011
555601,HSI00000536
555730,HSI00000851
555874,HSI00000851
670012,HSI00000654
670045,HSI00000273
670079,HSI00000096
670124,HSI00001066
673037,HSI00000021
673065,HSI00000183
675487,HSI00000152
204006,HSI00000330
200021,HSI00000611
200008,HSI00000330
200033,HSI00000330
200001,HSI00000287
201304,HSI00000330
201312,HSI00000611
201300,HSI00000330
201310,HSI00000197
201309,HSI00000330
200050,HSI00000330
200037,HSI00000611
201301,HSI00000330
201308,HSI00000330
201302,HSI00000611
200024,HSI00000197
200019,HSI00000611
200034,HSI00000287
201311,HSI00000330
201307,HSI00000330
201315,HSI00000611
201313,HSI00000330
200009,HSI00000611
200018,HSI00000330
200063,HSI00000611
201306,HSI00000197
200039,HSI00000610
200041,HSI00000330
204005,HSI00000611
200020,HSI00001274
300029,HSI00000492
301310,HSI00001339
301308,HSI00000299
301300,HSI00001339
300001,HSI00000165
300018,HSI00000813
300017,HSI00000492
300023,HSI00000355
301306,HSI00000558
300003,HSI00000299
300019,HSI00000299
300005,HSI00000558
301303,HSI00001339
301305,HSI00000299
300034,HSI00000188
301302,HSI00001339
300012,HSI00000338
300020,HSI00001358
300011,HSI00000287
301304,HSI00000299
301307,HSI00000611
300014,HSI00000385
470003,HSI00001185
470001,HSI00001185
470012,HSI00001016
470011,HSI00000299
471307,HSI00001185
471301,HSI00001308
470005,HSI00000900
471303,HSI00000299
471306,HSI00001022
471302,HSI00000299
220035,HSI00000813
220175,HSI00001066
220111,HSI00001037
220001,HSI00001122
220031,HSI00000131
220070,HSI00000443
220011,HSI00000156
220086,HSI00000110
220074,HSI00001004
220033,HSI00000563
223032,HSI00000813
221303,HSI00000478
220008,HSI00001041
220098,HSI00001037
220110,HSI00000813
220017,HSI00001037
223302,HSI00000130
220119,HSI00000813
224013,HSI00001148
220075,HSI00000813
220063,HSI00000598
220071,HSI00000813
223034,HSI00000813
220116,HSI00001112
223304,HSI00000981
220036,HSI00001037
220052,HSI00000984
220171,HSI00000563
224018,HSI00001148
222000,HSI00000813
220002,HSI00000708
220058,HSI00001122
220084,HSI00000340
220020,HSI00001037
220135,HSI00000161
220095,HSI00000478
221302,HSI00000109
220016,HSI00000097
220163,HSI00001122
220024,HSI00001219
220012,HSI00000161
220049,HSI00001122
220080,HSI00001037
220108,HSI00000110
220177,HSI00000813
220083,HSI00000110
000000,HSI00001148
220101,HSI00000813
220015,HSI00000813
220126,HSI00001037
221300,HSI00000813
220030,HSI00000097
220046,HSI00000109
220060,HSI00000110
222027,HSI00001037
224021,HSI00001148
220100,HSI00001002
220066,HSI00001106
223303,HSI00000981
220077,HSI00000097
220073,HSI00001037
224007,HSI00000813
220065,HSI00000097
220105,HSI00000563
220176,HSI00001066
413025,HSI00000845
414003,HSI00000585
410006,HSI00000585
410005,HSI00000851
414000,HSI00000166
410012,HSI00000585
410010,HSI00000166
410007,HSI00000585
410004,HSI00000851
410008,HSI00000998
410011,HSI00000845
410009,HSI00000166
410013,HSI00001272
070017,HSI00000452
070010,HSI00001272
070025,HSI00000452
070002,HSI00001106
070006,HSI00001032
070028,HSI00000055
073025,HSI00001106
070035,HSI00000452
070029,HSI00001286
070033,HSI00001253
070031,HSI00000055
070018,HSI00001272
070036,HSI00001170
070027,HSI00000851
070020,HSI00000683
070022,HSI00001272
073300,HSI00000268
070007,HSI00001272
070034,HSI00001253
070024,HSI00000452
070003,HSI00000301
070012,HSI00000851
070004,HSI00000462
070008,HSI00001106
070011,HSI00000452
070016,HSI00001106
070005,HSI00000851
070021,HSI00000452
074008,HSI00000452
330136,HSI00000087
330103,HSI00000537
330044,HSI00000697
330232,HSI00001106
330101,HSI00000731
330028,HSI00000879
330013,HSI00000019
330073,HSI00000889
330399,HSI00000910
332008,HSI00000730
330264,HSI00000700
330208,HSI00000882
330126,HSI00000423
330003,HSI00001106
331303,HSI00000423
330057,HSI00001106
334027,HSI00000767
330047,HSI00000055
330144,HSI00000052
330043,HSI00000767
330332,HSI00000186
330011,HSI00000055
330385,HSI00000730
330233,HSI00001288
330350,HSI00000903
330236,HSI00000731
330196,HSI00000730
330397,HSI00000515
330201,HSI00000550
330202,HSI00000730
330019,HSI00000731
330194,HSI00000767
330396,HSI00000730
330078,HSI00001106
330005,HSI00000537
330219,HSI00001080
330279,HSI00001106
330074,HSI00001179
330197,HSI00000930
330273,HSI00000462
330094,HSI00000236
330265,HSI00000889
330268,HSI00000087
330277,HSI00000430
331301,HSI00000537
330238,HSI00001179
331305,HSI00000087
331302,HSI00001185
330090,HSI00000052
330108,HSI00000052
330394,HSI00001138
330395,HSI00000347
330055,HSI00000731
330193,HSI00000642
330058,HSI00000362
330181,HSI00000767
330191,HSI00000401
330195,HSI00000767
330276,HSI00001335
331315,HSI00000930
330088,HSI00001038
331316,HSI00000767
330027,HSI00000767
330151,HSI00001179
330045,HSI00000767
330307,HSI00000189
330014,HSI00000642
330231,HSI00000730
330239,HSI00001126
330102,HSI00001106
330224,HSI00001252
330004,HSI00001252
330386,HSI00000423
331311,HSI00000087
330084,HSI00001185
330106,HSI00000767
331304,HSI00001252
330167,HSI00000717
331313,HSI00000189
330162,HSI00000767
330086,HSI00000700
330030,HSI00000889
330184,HSI00000700
330204,HSI00000730
330169,HSI00000711
330009,HSI00000140
330127,HSI00000730
334048,HSI00000731
330240,HSI00000730
330214,HSI00000717
330119,HSI00000767
330080,HSI00000730
330199,HSI00000730
330059,HSI00000700
330024,HSI00000711
330128,HSI00000730
330100,HSI00000711
330046,HSI00000711
330188,HSI00001106
330065,HSI00000737
330033,HSI00001138
330104,HSI00000700
330115,HSI00000792
330085,HSI00000087
330261,HSI00000767
330218,HSI00000798
330141,HSI00000186
330267,HSI00000731
331314,HSI00000362
330331,HSI00000767
330250,HSI00001185
330185,HSI00000767
330135,HSI00001252
330246,HSI00000186
330023,HSI00000462
330049,HSI00000462
330107,HSI00000767
330164,HSI00001179
330226,HSI00000889
330125,HSI00000889
330285,HSI00001179
330259,HSI00000186
330182,HSI00000186
330222,HSI00000019
330406,HSI00001106
330153,HSI00000339
330401,HSI00000186
330111,HSI00001106
330160,HSI00000767
330158,HSI00001252
330393,HSI00001038
000000,HSI00000767
330140,HSI00001106
330241,HSI00000904
330203,HSI00000767
330180,HSI00001106
330245,HSI00000697
330234,HSI00001252
331312,HSI00001138
330205,HSI00001252
330157,HSI00000952
330096,HSI00001179
330166,HSI00000025
330286,HSI00000186
330404,HSI00000700
330304,HSI00000700
330006,HSI00000925
310027,HSI00001105
312017,HSI00000863
310064,HSI00000388
310025,HSI00000169
310050,HSI00000845
310032,HSI00000514
310014,HSI00001079
310029,HSI00001106
310011,HSI00000820
313033,HSI00000439
314022,HSI00000863
310083,HSI00000851
310108,HSI00000439
310069,HSI00000514
310005,HSI00000502
310111,HSI00000194
310001,HSI00000439
310115,HSI00000060
310040,HSI00000169
310112,HSI00000439
310016,HSI00000169
310003,HSI00000439
310074,HSI00000863
310084,HSI00000863
310061,HSI00001106
310075,HSI00000863
310113,HSI00000439
000000,HSI00001233
310054,HSI00000046
310015,HSI00000060
310057,HSI00001233
310073,HSI00000439
310009,HSI00000863
310119,HSI00001154
310076,HSI00000863
310002,HSI00000863
310096,HSI00000845
000000,HSI00000439
310038,HSI00000863
310070,HSI00000942
310028,HSI00000060
310006,HSI00000845
310019,HSI00000929
310039,HSI00000439
310060,HSI00000936
314011,HSI00001154
310052,HSI00000439
310017,HSI00000060
310010,HSI00000820
310024,HSI00000863
310034,HSI00000439
310012,HSI00001218
314021,HSI00001148
310091,HSI00000249
310047,HSI00000820
310048,HSI00000863
310086,HSI00000048
314001,HSI00001148
310051,HSI00000060
310041,HSI00000863
310044,HSI00000164
310021,HSI00001106
310110,HSI00000863
310092,HSI00000164
310022,HSI00001233
313300,HSI00000863
310130,HSI00000046
310081,HSI00000514
394039,HSI00000249
390231,HSI00000048
390133,HSI00000577
394043,HSI00001148
390066,HSI00001243
390226,HSI00000820
390091,HSI00001126
390178,HSI00001126
390137,HSI00000249
390164,HSI00001126
390263,HSI00000577
390067,HSI00001126
390197,HSI00000936
390050,HSI00000025
390174,HSI00000048
390049,HSI00000936
390096,HSI00000821
390110,HSI00000584
390115,HSI00000048
394034,HSI00001148
390073,HSI00001126
390036,HSI00000476
390268,HSI00000710
390072,HSI00000249
390003,HSI00000388
390118,HSI00000537
390070,HSI00000845
391312,HSI00000819
390139,HSI00000608
390168,HSI00000146
394051,HSI00001126
393054,HSI00000820
390316,HSI00001066
394050,HSI00001148
390004,HSI00000388
390160,HSI00000025
390058,HSI00001126
390151,HSI00001045
390180,HSI00000851
390052,HSI00000819
390183,HSI00000936
390326,HSI00000936
390076,HSI00000866
391308,HSI00000686
390329,HSI00000020
390328,HSI00001126
391313,HSI00001126
390006,HSI00000388
390330,HSI00000936
390156,HSI00001106
000000,HSI00000866
390203,HSI00000320
390081,HSI00000851
390086,HSI00000819
390162,HSI00001037
390201,HSI00000577
390256,HSI00000821
390225,HSI00001243
390063,HSI00001126
390009,HSI00000025
390198,HSI00000686
390117,HSI00001126
390065,HSI00001243
390145,HSI00000354
390233,HSI00001126
390185,HSI00000577
390265,HSI00000025
390056,HSI00001126
390173,HSI00001324
391300,HSI00000388
390104,HSI00001126
390163,HSI00000051
390100,HSI00000820
390258,HSI00001106
390061,HSI00001126
390012,HSI00000048
390219,HSI00000354
394020,HSI00001243
390194,HSI00000936
390013,HSI00000352
390048,HSI00000388
390071,HSI00001126
390002,HSI00001126
390113,HSI00000639
390097,HSI00000488
390222,HSI00000608
390192,HSI00000249
391305,HSI00000430
391302,HSI00000584
390217,HSI00000354
391301,HSI00001126
390016,HSI00001126
394040,HSI00001148
390116,HSI00000845
390142,HSI00000020
390196,HSI00001065
390026,HSI00000866
393303,HSI00001075
394027,HSI00001148
394008,HSI00001148
390290,HSI00001278
390111,HSI00000820
390080,HSI00001065
390195,HSI00000608
393038,HSI00000048
390304,HSI00000845
390204,HSI00001106
390223,HSI00000820
393307,HSI00001278
393309,HSI00000981
390027,HSI00001065
394049,HSI00001148
390127,HSI00000866
393302,HSI00001126
390114,HSI00001126
390028,HSI00001126
390107,HSI00001126
390267,HSI00000025
390228,HSI00000913
390102,HSI00001126
390090,HSI00000025
390270,HSI00000388
390123,HSI00000866
390031,HSI00000577
390030,HSI00000577
390035,HSI00000936
390062,HSI00000584
391315,HSI00000819
390079,HSI00000430
390001,HSI00000388
390237,HSI00000249
390119,HSI00000249
390057,HSI00000415
390037,HSI00000476
390211,HSI00001037
390130,HSI00000584
390084,HSI00001126
390032,HSI00000025
391314,HSI00000639
390236,HSI00000430
390146,HSI00001126
390042,HSI00001238
390138,HSI00001045
390150,HSI00001238
390043,HSI00001126
390179,HSI00000820
390153,HSI00000608
390220,HSI00000866
390044,HSI00000866
394048,HSI00001126
390045,HSI00001126
390101,HSI00001126
390046,HSI00001243
394038,HSI00001148
390068,HSI00001126
393025,HSI00000608
080004,HSI00000094
084004,HSI00001148
080007,HSI00000103
080006,HSI00000718
083300,HSI00000725
080001,HSI00000218
080003,HSI00001106
084002,HSI00001148
210061,HSI00000059
213029,HSI00000012
210023,HSI00000038
210029,HSI00000531
210013,HSI00000125
210015,HSI00000640
210044,HSI00000422
210056,HSI00000640
213300,HSI00001175
210058,HSI00001175
210009,HSI00000531
210064,HSI00000582
210038,HSI00001175
210027,HSI00001255
210008,HSI00000663
210011,HSI00000055
210063,HSI00001175
210012,HSI00000582
210034,HSI00000640
210024,HSI00000640
210002,HSI00001175
210022,HSI00000531
000000,HSI00001175
210065,HSI00001106
210062,HSI00000640
210030,HSI00001175
210048,HSI00000531
210037,HSI00001175
210032,HSI00001136
210049,HSI00001175
210005,HSI00000380
210043,HSI00001175
210001,HSI00000671
210006,HSI00001175
210003,HSI00001175
210035,HSI00001175
210055,HSI00001175
210028,HSI00000640
210018,HSI00000640
210039,HSI00000155
210040,HSI00000582
214013,HSI00000012
210057,HSI00000012
210019,HSI00000818
210004,HSI00001106
210033,HSI00000582
210016,HSI00000012
093300,HSI00000216
090003,HSI00000498
090011,HSI00000640
090004,HSI00000640
090001,HSI00001148
093025,HSI00000640
090006,HSI00000055
090005,HSI00000531
094004,HSI00001148
490018,HSI00000063
000000,HSI00001148
490048,HSI00000492
490112,HSI00000492
490053,HSI00001284
490118,HSI00000492
490021,HSI00000192
491303,HSI00001284
494028,HSI00000624
494025,HSI00001148
490040,HSI00000513
490136,HSI00000125
492007,HSI00000972
490141,HSI00000492
490107,HSI00000492
490122,HSI00000513
490088,HSI00000192
490114,HSI00001284
490077,HSI00000972
490110,HSI00000492
490120,HSI00000205
490126,HSI00000492
490140,HSI00000624
490019,HSI00000773
490075,HSI00000584
492010,HSI00000192
490097,HSI00000249
490090,HSI00000192
490101,HSI00000513
490092,HSI00000249
490022,HSI00000624
490033,HSI00001217
490115,HSI00000584
490093,HSI00000972
490004,HSI00000972
490020,HSI00000492
491300,HSI00000170
491308,HSI00000125
490002,HSI00001284
490043,HSI00000513
491304,HSI00000170
491307,HSI00001217
490143,HSI00000883
490144,HSI00000773
490045,HSI00000773
490038,HSI00001284
490079,HSI00000584
490063,HSI00000513
490037,HSI00000883
490041,HSI00000125
493300,HSI00001148
490052,HSI00000883
490130,HSI00000883
490011,HSI00000125
493301,HSI00000215
490046,HSI00000972
490007,HSI00000972
000000,HSI00001148
490001,HSI00001284
490027,HSI00001284
491302,HSI00000170
494022,HSI00001148
490067,HSI00000249
490017,HSI00000125
490116,HSI00000492
490042,HSI00000170
490060,HSI00000584
493302,HSI00001213
490032,HSI00001213
490094,HSI00000125
490069,HSI00000125
490059,HSI00000125
490024,HSI00000170
490089,HSI00000170
490013,HSI00000972
490098,HSI00001213
490119,HSI00000972
490044,HSI00000972
490084,HSI00000883
490057,HSI00000972
490023,HSI00000584
490117,HSI00000170
490066,HSI00000972
490005,HSI00001217
490113,HSI00000972
491305,HSI00001217
490111,HSI00000584
490009,HSI00001186
494023,HSI00000492
492011,HSI00001186
510070,HSI00000584
510001,HSI00001251
510062,HSI00000041
511309,HSI00001217
510071,HSI00000249
511321,HSI00001251
510022,HSI00000147
510031,HSI00001093
510006,HSI00001251
510047,HSI00000021
510013,HSI00001251
511310,HSI00000041
510055,HSI00000154
514008,HSI00001148
510007,HSI00000154
511315,HSI00001251
511312,HSI00000698
510048,HSI00000584
510008,HSI00001251
510024,HSI00000698
511317,HSI00000249
510058,HSI00001251
511316,HSI00001251
511319,HSI00001251
511311,HSI00001217
510002,HSI00000249
510029,HSI00001093
510038,HSI00000698
510039,HSI00000021
510050,HSI00001259
510077,HSI00000249
511304,HSI00001259
340069,HSI00001236
340091,HSI00000263
340099,HSI00001230
340119,HSI00000173
340070,HSI00000263
340116,HSI00000584
340171,HSI00000773
340002,HSI00000691
341323,HSI00000042
340098,HSI00000173
341324,HSI00001230
340028,HSI00000162
342017,HSI00000691
340183,HSI00000773
342015,HSI00000251
340123,HSI00000173
343025,HSI00000691
340051,HSI00000042
341319,HSI00000691
341305,HSI00000584
340061,HSI00001123
340113,HSI00000173
340166,HSI00000173
340053,HSI00000773
343026,HSI00000173
340024,HSI00000231
340030,HSI00000323
340001,HSI00000173
340071,HSI00000449
340075,HSI00000173
342019,HSI00000251
340155,HSI00000323
341318,HSI00001230
340188,HSI00000162
340109,HSI00000972
341315,HSI00000162
342014,HSI00000162
340023,HSI00000010
341326,HSI00000691
340032,HSI00000171
340153,HSI00000773
340010,HSI00001123
340040,HSI00001230
340132,HSI00000584
340017,HSI00001123
340143,HSI00000182
341316,HSI00000691
340004,HSI00001235
344016,HSI00001148
341325,HSI00000773
340120,HSI00001230
340037,HSI00000173
340027,HSI00001123
340008,HSI00000173
340060,HSI00001123
340041,HSI00001123
340096,HSI00001235
340145,HSI00000173
340050,HSI00000231
340087,HSI00000691
341313,HSI00001235
340130,HSI00000173
340129,HSI00000249
341328,HSI00000203
340131,HSI00000172
340064,HSI00001235
340115,HSI00000365
344014,HSI00001148
340073,HSI00000323
340173,HSI00001236
340114,HSI00001123
340035,HSI00000365
340147,HSI00001123
340159,HSI00000584
340013,HSI00000584
340015,HSI00000773
340158,HSI00000773
340020,HSI00000584
340021,HSI00000173
341311,HSI00001123
340090,HSI00001123
341327,HSI00000231
341320,HSI00001235
341329,HSI00000691
340144,HSI00000249
340039,HSI00000518
340016,HSI00000584
340107,HSI00001230
340085,HSI00000773
341303,HSI00000365
341322,HSI00000173
340084,HSI00000173
340186,HSI00001230
340184,HSI00000323
340068,HSI00000173
340126,HSI00000584
341304,HSI00001230
340014,HSI00000773
340148,HSI00000773
344007,HSI00001148
340047,HSI00001235
342021,HSI00000251
420038,HSI00000424
420082,HSI00001148
420051,HSI00000637
420091,HSI00000249
420055,HSI00000249
422004,HSI00001020
420098,HSI00001096
420101,HSI00001066
422006,HSI00000251
420027,HSI00000173
424002,HSI00001148
420102,HSI00000424
420103,HSI00001020
420104,HSI00000173
420067,HSI00000100
420048,HSI00000584
420004,HSI00000644
420087,HSI00000173
424006,HSI00001148
420065,HSI00000173
420019,HSI00000249
420018,HSI00000807
420026,HSI00000584
420086,HSI00000807
420049,HSI00000271
420079,HSI00000492
420057,HSI00000637
420005,HSI00000637
420015,HSI00000807
420043,HSI00000249
420020,HSI00001096
420078,HSI00000424
420023,HSI00000125
423300,HSI00000981
420071,HSI00001354
420033,HSI00000424
420010,HSI00000584
424010,HSI00001148
420080,HSI00001066
420106,HSI00000807
420036,HSI00000249
420105,HSI00000637
420109,HSI00000637
420089,HSI00001066
420085,HSI00000492
420107,HSI00000637
420011,HSI00000173
420002,HSI00001066
420009,HSI00000424
420037,HSI00000424
420083,HSI00000249
420007,HSI00001020
420070,HSI00000807
422008,HSI00000424
420108,HSI00001020
420072,HSI00000173
424008,HSI00001148
420030,HSI00000492
420073,HSI00000579
113029,HSI00000724
114010,HSI00001148
110101,HSI00001097
110129,HSI00000584
110029,HSI00000759
113300,HSI00000209
110229,HSI00000826
110215,HSI00000826
110044,HSI00000823
110226,HSI00000342
110074,HSI00000826
110006,HSI00001106
110078,HSI00000342
110115,HSI00001244
110079,HSI00000412
110161,HSI00000766
110083,HSI00000826
110082,HSI00000342
112007,HSI00001244
110034,HSI00000064
114004,HSI00001148
110039,HSI00001151
110177,HSI00000492
110028,HSI00001151
110143,HSI00001244
114032,HSI00001148
110132,HSI00001330
110087,HSI00000431
111320,HSI00001061
110025,HSI00001006
110121,HSI00000045
110023,HSI00000010
111331,HSI00000045
110008,HSI00000766
110011,HSI00001061
110030,HSI00000492
110230,HSI00000342
110050,HSI00000010
111330,HSI00000369
110200,HSI00000826
110064,HSI00000826
000000,HSI00000826
110018,HSI00000826
110005,HSI00000766
111300,HSI00000823
110042,HSI00001244
110001,HSI00000444
110007,HSI00000823
110076,HSI00000342
000000,HSI00000759
110125,HSI00000492
112006,HSI00000342
110184,HSI00001244
110026,HSI00000173
110010,HSI00000342
110073,HSI00000823
111318,HSI00000251
110236,HSI00000183
111310,HSI00000724
111329,HSI00001106
110031,HSI00001244
111335,HSI00000492
111308,HSI00000999
111319,HSI00001244
110225,HSI00000826
110016,HSI00001244
111326,HSI00000999
110164,HSI00000492
110107,HSI00000724
110201,HSI00000492
110035,HSI00001244
110150,HSI00000724
110209,HSI00001148
110046,HSI00000826
110105,HSI00000235
110234,HSI00000999
110165,HSI00000845
110054,HSI00000369
110168,HSI00000492
110146,HSI00001006
110198,HSI00001244
110036,HSI00000492
114016,HSI00001148
110043,HSI00000927
110192,HSI00000492
110024,HSI00000927
110075,HSI00000249
110191,HSI00000826
111328,HSI00000823
110038,HSI00000045
110111,HSI00001151
110095,HSI00001097
110122,HSI00000999
110015,HSI00001061
113028,HSI00000064
110069,HSI00000497
111325,HSI00000064
110003,HSI00000492
110045,HSI00000759
110153,HSI00000497
114008,HSI00001148
110091,HSI00000826
111332,HSI00000045
110027,HSI00001106
113031,HSI00000342
101305,HSI00001060
100084,HSI00000195
100109,HSI00000010
100121,HSI00001106
100150,HSI00000249
100281,HSI00000653
100168,HSI00000767
100224,HSI00000492
100009,HSI00001176
100268,HSI00001066
100072,HSI00000010
100246,HSI00000492
100002,HSI00000077
100087,HSI00000962
100075,HSI00001106
100213,HSI00000492
100017,HSI00000441
100118,HSI00000010
100035,HSI00001148
100071,HSI00000249
100244,HSI00000575
100243,HSI00000492
100080,HSI00000492
100052,HSI00001106
100258,HSI00001066
100001,HSI00001121
100292,HSI00000055
100291,HSI00001037
100127,HSI00001106
100051,HSI00000796
100177,HSI00000461
104017,HSI00001148
100290,HSI00000195
100286,HSI00000249
100296,HSI00000077
100299,HSI00001148
100285,HSI00000653
100122,HSI00000249
100249,HSI00000249
100046,HSI00000010
102016,HSI00000492
100316,HSI00000461
104078,HSI00001148
104071,HSI00001148
100211,HSI00000010
100307,HSI00000055
100276,HSI00000745
100265,HSI00001106
100045,HSI00000010
100043,HSI00001106
100228,HSI00000492
100057,HSI00000010
100140,HSI00000075
100289,HSI00001078
100039,HSI00000745
100200,HSI00000745
102021,HSI00001106
100204,HSI00000492
100073,HSI00001106
104026,HSI00001148
100012,HSI00000575
100266,HSI00000076
100223,HSI00000492
100131,HSI00000492
100113,HSI00001121
100137,HSI00000249
100053,HSI00001066
100038,HSI00000653
100125,HSI00000077
100023,HSI00000492
101313,HSI00000077
100088,HSI00000075
100220,HSI00000575
100151,HSI00000631
100256,HSI00000492
100040,HSI00000055
104016,HSI00001148
102026,HSI00000010
100315,HSI00000461
100313,HSI00000055
104069,HSI00001148
104027,HSI00000076
104072,HSI00001148
100179,HSI00000492
100117,HSI00000075
100314,HSI00000077
104073,HSI00001148
100110,HSI00000492
100156,HSI00000492
100102,HSI00000249
100157,HSI00000569
100099,HSI00000249
100107,HSI00000845
100248,HSI00000492
101301,HSI00000249
100189,HSI00000492
100209,HSI00000492
100240,HSI00001176
100019,HSI00000461
100022,HSI00000523
100008,HSI00000077
100079,HSI00001176
100029,HSI00001066
103301,HSI00000678
100034,HSI00000712
100124,HSI00000249
100014,HSI00000010
100018,HSI00000716
100062,HSI00000010
100054,HSI00000492
100063,HSI00001106
100252,HSI00000492
100212,HSI00000492
100319,HSI00000010
100320,HSI00000492
103304,HSI00000725
100007,HSI00000010
100321,HSI00000055
100006,HSI00000796
100226,HSI00000492
100068,HSI00000010
100232,HSI00000492
100269,HSI00000492
100230,HSI00000653
100176,HSI00001066
100026,HSI00000046
100242,HSI00000492
100093,HSI00000076
100231,HSI00000492
100025,HSI00000055
100106,HSI00001060
100167,HSI00000492
100132,HSI00001106
100260,HSI00000492
100047,HSI00000249
100086,HSI00000745
100077,HSI00000249
100236,HSI00000492
100092,HSI00001037
100302,HSI00000249
103300,HSI00000531
100032,HSI00000249
100238,HSI00000492
100126,HSI00000492
100067,HSI00001106
100180,HSI00000492
100161,HSI00000492
100166,HSI00000492
100217,HSI00001037
100049,HSI00000492
100154,HSI00000077
101310,HSI00000249
100264,HSI00000492
100044,HSI00000622
100135,HSI00001060
100254,HSI00000492
100128,HSI00000368
100206,HSI00000492
103303,HSI00000981
100255,HSI00000492
100173,HSI00000010
100055,HSI00000010
100028,HSI00000812
100070,HSI00000249
100105,HSI00000509
101300,HSI00000010
100234,HSI00000492
100287,HSI00001066
100288,HSI00001066
100030,HSI00000796
100275,HSI00001148
100267,HSI00000492
100183,HSI00001066
100187,HSI00001066
100259,HSI00000492
100191,HSI00000492
100048,HSI00000076
100069,HSI00000010
364036,HSI00001148
364038,HSI00001148
360242,HSI00001086
360027,HSI00001078
360020,HSI00001043
360141,HSI00001037
360172,HSI00000661
360025,HSI00000363
360118,HSI00000784
360144,HSI00001078
360211,HSI00000183
360039,HSI00000391
360174,HSI00000842
360037,HSI00000990
360259,HSI00000848
360263,HSI00000661
360241,HSI00001078
361320,HSI00000490
360266,HSI00001106
360270,HSI00000661
362032,HSI00000065
363303,HSI00000211
360276,HSI00000661
364044,HSI00001118
360131,HSI00000065
360348,HSI00000784
360002,HSI00001156
360125,HSI00001078
360014,HSI00000784
360236,HSI00000661
361321,HSI00001086
360197,HSI00001086
360153,HSI00001259
360359,HSI00001156
360155,HSI00001156
361311,HSI00001086
360084,HSI00000065
360070,HSI00000990
360362,HSI00001104
360358,HSI00001106
360192,HSI00001156
362014,HSI00001156
360159,HSI00000008
360179,HSI00001104
363300,HSI00000224
360163,HSI00001077
360003,HSI00001118
362004,HSI00001118
360134,HSI00000183
360360,HSI00000546
360075,HSI00001156
360234,HSI00000661
363035,HSI00001043
360354,HSI00001118
360361,HSI00000056
363038,HSI00001078
363036,HSI00001156
360364,HSI00001078
360001,HSI00000661
363308,HSI00000981
360170,HSI00000784
363304,HSI00001078
360059,HSI00001083
360180,HSI00001078
360082,HSI00001078
360077,HSI00001078
360087,HSI00001078
360041,HSI00001156
360056,HSI00000661
360137,HSI00001156
360230,HSI00001078
360058,HSI00001086
363305,HSI00000722
360152,HSI00000784
360017,HSI00000784
360035,HSI00001106
360012,HSI00001106
360085,HSI00001086
360006,HSI00000784
361308,HSI00001156
360109,HSI00000845
363306,HSI00000302
360239,HSI00000546
000000,HSI00000183
360133,HSI00000546
360051,HSI00000842
361328,HSI00000848
360210,HSI00000784
361302,HSI00000183
360010,HSI00001078
360096,HSI00000845
360145,HSI00001156
361318,HSI00000848
360156,HSI00000848
360054,HSI00000490
360143,HSI00001078
361307,HSI00001156
361304,HSI00000008
360044,HSI00001086
360132,HSI00000546
361332,HSI00001086
360079,HSI00000546
361315,HSI00000784
360072,HSI00000356
360009,HSI00000848
360066,HSI00000661
361303,HSI00001078
361330,HSI00001086
360189,HSI00001086
360147,HSI00000649
360011,HSI00000784
360080,HSI00000021
360091,HSI00001078
360076,HSI00000842
361313,HSI00000784
360218,HSI00000581
360065,HSI00000367
361306,HSI00000661
361323,HSI00000065
360046,HSI00001104
360098,HSI00000566
360008,HSI00000784
360078,HSI00001156
360245,HSI00001078
361324,HSI00000784
360013,HSI00001086
360086,HSI00000661
360089,HSI00000661
360074,HSI00000848
360048,HSI00001090
360262,HSI00000661
360081,HSI00000661
360112,HSI00000661
360068,HSI00000848
361329,HSI00001086
361312,HSI00000661
360071,HSI00000661
360161,HSI00000661
363026,HSI00001037
360055,HSI00001037
361331,HSI00001086
361334,HSI00000008
364029,HSI00001148
361310,HSI00000661
360175,HSI00000584
360026,HSI00000546
360064,HSI00000661
360123,HSI00001156
360016,HSI00000661
360150,HSI00001043
361319,HSI00000649
153039,HSI00000248
153028,HSI00000510
150004,HSI00000375
150113,HSI00000248
153030,HSI00000249
154047,HSI00001148
150056,HSI00000510
150169,HSI00000248
150015,HSI00000375
150100,HSI00000055
150162,HSI00000375
150165,HSI00000375
150075,HSI00000249
150149,HSI00000305
150150,HSI00000249
150153,HSI00000055
154041,HSI00001148
150167,HSI00000811
154051,HSI00001148
150158,HSI00000510
150088,HSI00000055
150161,HSI00000510
150183,HSI00000845
152020,HSI00000055
150173,HSI00000510
151335,HSI00000055
150051,HSI00000510
151325,HSI00000055
151309,HSI00000055
150157,HSI00000055
151326,HSI00001137
150168,HSI00000249
150101,HSI00000811
150112,HSI00000240
151331,HSI00000771
150022,HSI00000375
150126,HSI00000375
150005,HSI00000472
150008,HSI00000246
150018,HSI00000098
151308,HSI00000055
150175,HSI00000305
150082,HSI00000305
150017,HSI00000249
150109,HSI00000375
150047,HSI00000249
151316,HSI00000510
150182,HSI00000375
150181,HSI00000055
150002,HSI00001082
150026,HSI00001309
150037,HSI00001314
154024,HSI00001148
150034,HSI00000246
151302,HSI00000510
150091,HSI00000811
150074,HSI00000248
150024,HSI00000349
150084,HSI00000055
150128,HSI00000248
150115,HSI00000589
150009,HSI00000584
150146,HSI00000811
150102,HSI00000249
150007,HSI00000248
150010,HSI00000055
151323,HSI00000811
150006,HSI00000249
150086,HSI00000661
150104,HSI00001269
150069,HSI00001073
151312,HSI00000510
150057,HSI00000375
150089,HSI00000510
150044,HSI00000080
150125,HSI00000246
150030,HSI00000474
150059,HSI00000887
151303,HSI00000055
151306,HSI00000510
151318,HSI00000249
150076,HSI00001106
151320,HSI00000510
151319,HSI00000305
151324,HSI00000375
150048,HSI00000873
151314,HSI00000055
151334,HSI00000584
150065,HSI00001352
150097,HSI00000612
150058,HSI00000098
150012,HSI00001106
150046,HSI00000492
150023,HSI00001137
151311,HSI00000510
150035,HSI00000249
150042,HSI00000405
151310,HSI00000811
150133,HSI00000249
150061,HSI00000055
151307,HSI00000055
151301,HSI00000055
151328,HSI00000510
150021,HSI00000811
140113,HSI00000776
141304,HSI00000390
144031,HSI00000055
140002,HSI00000070
144034,HSI00001148
144035,HSI00000334
140280,HSI00001146
140015,HSI00000117
140242,HSI00000770
140010,HSI00000756
140182,HSI00001277
140172,HSI00000375
140052,HSI00000776
140304,HSI00000010
000000,HSI00001148
140029,HSI00000897
140174,HSI00000055
140291,HSI00001277
140185,HSI00000070
140187,HSI00000496
140054,HSI00001106
140127,HSI00001277
140162,HSI00000776
140145,HSI00000496
140164,HSI00001009
141305,HSI00001146
140034,HSI00000902
144029,HSI00001148
140189,HSI00000961
141338,HSI00000070
140223,HSI00001277
144039,HSI00001148
140307,HSI00000070
140281,HSI00000770
140150,HSI00001171
143300,HSI00000036
140124,HSI00000274
140133,HSI00000987
140082,HSI00001066
140276,HSI00001106
140158,HSI00001106
140018,HSI00000987
140119,HSI00000897
140300,HSI00000274
143025,HSI00000987
140117,HSI00000055
144026,HSI00001148
140062,HSI00001340
140224,HSI00000055
140180,HSI00000055
143302,HSI00000981
140048,HSI00001277
140114,HSI00000289
140088,HSI00001089
140093,HSI00000776
140166,HSI00000496
140286,HSI00000770
142011,HSI00000055
140012,HSI00000539
140288,HSI00001277
140275,HSI00000390
140032,HSI00000496
140217,HSI00000055
140030,HSI00001277
140258,HSI00000055
140200,HSI00000334
141309,HSI00001277
140080,HSI00000055
140179,HSI00000589
141351,HSI00000902
144009,HSI00001148
140160,HSI00000382
140064,HSI00000776
140211,HSI00000770
140292,HSI00000010
140137,HSI00000496
141335,HSI00000667
140191,HSI00001089
140250,HSI00001277
140011,HSI00001009
141336,HSI00000496
140122,HSI00000010
142010,HSI00001277
140290,HSI00000055
141316,HSI00001074
140058,HSI00000648
140007,HSI00000055
140213,HSI00000985
140186,HSI00000897
140155,HSI00000055
141325,HSI00000776
140234,HSI00000776
140065,HSI00000010
140130,HSI00000770
140202,HSI00001277
141322,HSI00000648
141350,HSI00000496
140116,HSI00000770
140289,HSI00000258
140240,HSI00001066
141310,HSI00000776
141318,HSI00000776
140101,HSI00001084
140046,HSI00000902
141334,HSI00001009
140231,HSI00000334
141308,HSI00000902
140208,HSI00001277
140063,HSI00000897
140049,HSI00001066
140008,HSI00001106
140147,HSI00001074
140110,HSI00000776
140252,HSI00000768
141341,HSI00000496
140120,HSI00001146
140209,HSI00001146
140013,HSI00001146
140067,HSI00000776
141307,HSI00000902
141315,HSI00000117
140161,HSI00000776
141337,HSI00000776
141312,HSI00000776
140239,HSI00000667
140233,HSI00000776
140228,HSI00001132
141345,HSI00000070
141340,HSI00000770
140019,HSI00000496
140148,HSI00000648
140053,HSI00000496
140043,HSI00000148
141339,HSI00000648
140091,HSI00001074
140167,HSI00000055
143027,HSI00000770
140176,HSI00000770
234023,HSI00001148
230142,HSI00000101
230167,HSI00000636
230005,HSI00000848
230097,HSI00000715
231318,HSI00000057
230117,HSI00000055
230197,HSI00000055
232020,HSI00000636
230038,HSI00001021
230070,HSI00000288
230035,HSI00001021
230104,HSI00001066
230030,HSI00000682
230297,HSI00000636
232037,HSI00001018
230302,HSI00000475
230036,HSI00000682
230156,HSI00001106
230046,HSI00001177
230118,HSI00000636
230075,HSI00000139
230041,HSI00000636
230021,HSI00000570
230093,HSI00001021
230279,HSI00000055
230081,HSI00000715
231329,HSI00000636
230208,HSI00001018
231322,HSI00000715
230259,HSI00001106
230180,HSI00000682
230022,HSI00000848
230020,HSI00000101
233300,HSI00001066
230195,HSI00000055
230273,HSI00001066
230024,HSI00001066
230053,HSI00000475
230019,HSI00000055
233027,HSI00001066
230165,HSI00000055
231315,HSI00000055
231324,HSI00000636
231337,HSI00000776
230151,HSI00000101
234011,HSI00000475
230132,HSI00000505
230141,HSI00000636
231300,HSI00000715
231338,HSI00001021
230244,HSI00000845
230133,HSI00000715
231325,HSI00000682
234030,HSI00001148
230059,HSI00001106
230236,HSI00001177
230058,HSI00000715
230089,HSI00000101
230108,HSI00000584
230040,HSI00001021
230072,HSI00001319
230069,HSI00001106
231331,HSI00001018
230055,HSI00001188
231333,HSI00000057
231321,HSI00000584
230092,HSI00000475
232036,HSI00000475
230017,HSI00000139
231301,HSI00000715
231307,HSI00001188
230230,HSI00001018
230193,HSI00000636
231319,HSI00000057
230002,HSI00001106
230110,HSI00001021
231303,HSI00001188
230303,HSI00000715
230054,HSI00000584
230222,HSI00000682
230099,HSI00000848
230047,HSI00000475
230227,HSI00000636
230080,HSI00000636
231308,HSI00001188
230066,HSI00001106
231304,HSI00001188
231305,HSI00000055
231309,HSI00000057
230121,HSI00000652
231332,HSI00000139
230105,HSI00000636
230029,HSI00001106
230207,HSI00000636
230031,HSI00000845
230216,HSI00000636
231323,HSI00001021
230254,HSI00000055
230277,HSI00001066
230130,HSI00000101
230077,HSI00000055
230241,HSI00000055
231306,HSI00001106
231326,HSI00001018
230239,HSI00001188
231320,HSI00001106
230085,HSI00000139
230100,HSI00000055
231334,HSI00000848
230270,HSI00000101
230176,HSI00000101
230269,HSI00000101
230078,HSI00000570
230095,HSI00000682
230146,HSI00000475
230003,HSI00001021
524038,HSI00000105
520107,HSI00000487
520066,HSI00000667
520138,HSI00001277
520189,HSI00001277
520193,HSI00001277
520136,HSI00000055
520194,HSI00000055
523302,HSI00000212
520195,HSI00000055
520198,HSI00001277
521308,HSI00000464
520202,HSI00000055
521356,HSI00000105
521357,HSI00000667
521350,HSI00000057
520160,HSI00001092
520009,HSI00000055
520057,HSI00000902
521315,HSI00000631
520100,HSI00000106
521355,HSI00001092
520206,HSI00001277
521314,HSI00000631
521344,HSI00000428
520059,HSI00001277
521317,HSI00000055
520205,HSI00000055
520207,HSI00001277
520017,HSI00000496
523027,HSI00000847
520204,HSI00000055
520051,HSI00000055
521338,HSI00000902
521312,HSI00001146
521352,HSI00000902
521307,HSI00000010
521300,HSI00000055
520070,HSI00000631
520013,HSI00000496
520102,HSI00001277
520088,HSI00000902
521309,HSI00000428
520049,HSI00000105
520208,HSI00000902
520097,HSI00000496
520075,HSI00000496
520038,HSI00001277
523028,HSI00001132
521304,HSI00000428
521335,HSI00000464
520021,HSI00000386
000000,HSI00000386
520087,HSI00000428
520004,HSI00000631
521328,HSI00000621
520089,HSI00001146
520083,HSI00000902
520098,HSI00001132
520037,HSI00000621
520064,HSI00001277
521324,HSI00000057
520103,HSI00000386
521340,HSI00000631
521339,HSI00000055
523300,HSI00000212
520170,HSI00000055
523025,HSI00000055
520078,HSI00000055
520028,HSI00000902
520045,HSI00001092
521326,HSI00001092
521345,HSI00000464
520062,HSI00000847
521310,HSI00000496
520048,HSI00000055
521302,HSI00000631
521325,HSI00000055
520027,HSI00000055
520096,HSI00000055
520019,HSI00000055
520011,HSI00000621
521321,HSI00000902
521349,HSI00000029
521337,HSI00000357
521346,HSI00001092
520044,HSI00000496
520035,HSI00001277
521305,HSI00000631
521311,HSI00000055
520002,HSI00000055
521343,HSI00000902
521358,HSI00000496
521329,HSI00000350
521313,HSI00000055
520034,HSI00001277
520116,HSI00000584
520008,HSI00000847
521334,HSI00001092
521327,HSI00000902
520030,HSI00000057
520177,HSI00000386
524000,HSI00001277
520139,HSI00001277
520063,HSI00000386
521316,HSI00000428
521303,HSI00001092
520033,HSI00000057
520091,HSI00000055
184014,HSI00001148
180038,HSI00000802
180013,HSI00000244
184017,HSI00001148
182005,HSI00000244
182006,HSI00000251
182002,HSI00000183
184007,HSI00001148
184008,HSI00001148
180009,HSI00000056
180036,HSI00000125
181328,HSI00000041
180025,HSI00000183
181327,HSI00000080
181329,HSI00000183
180124,HSI00000492
180087,HSI00000183
180080,HSI00000080
180035,HSI00000917
180045,HSI00000917
180048,HSI00000346
180012,HSI00000080
180053,HSI00000584
180001,HSI00000917
180127,HSI00000492
181318,HSI00000244
180101,HSI00000584
180017,HSI00001053
180004,HSI00000802
180050,HSI00000041
181302,HSI00000346
180029,HSI00000041
180056,HSI00000260
181316,HSI00000041
181301,HSI00000661
180130,HSI00000080
180138,HSI00000080
180024,HSI00000584
180070,HSI00000771
180103,HSI00000080
184004,HSI00001174
184009,HSI00001148
180143,HSI00000183
180010,HSI00000183
182009,HSI00000251
180067,HSI00001174
180011,HSI00000183
180088,HSI00000771
180040,HSI00000183
189801,HSI00000771
180141,HSI00000183
000000,HSI00000771
000000,HSI00000183
000000,HSI00000183
000000,HSI00000771
000000,HSI00000771
180037,HSI00000183
180093,HSI00000080
181305,HSI00000041
180116,HSI00000584
180019,HSI00000584
181331,HSI00000041
180020,HSI00000041
180018,HSI00000914
181306,HSI00000260
180064,HSI00000183
180102,HSI00000661
180104,HSI00000080
180046,HSI00000584
184012,HSI00001148
180049,HSI00000080
180066,HSI00000584
181324,HSI00000244
180016,HSI00000183
180069,HSI00000041
181315,HSI00000346
180132,HSI00000584
181308,HSI00000584
181307,HSI00000041
180002,HSI00000041
181311,HSI00000917
180092,HSI00000584
180106,HSI00000244
181314,HSI00000244
180043,HSI00000010
181320,HSI00000771
180153,HSI00000251
441311,HSI00000492
440161,HSI00000492
440193,HSI00000249
440151,HSI00000055
440068,HSI00000584
440156,HSI00000492
440176,HSI00001284
440217,HSI00000081
440091,HSI00000183
440222,HSI00000081
441304,HSI00001284
440227,HSI00000492
440228,HSI00001066
440218,HSI00000055
440181,HSI00001250
440012,HSI00001284
441313,HSI00001284
440150,HSI00000492
442010,HSI00000081
440185,HSI00000249
440104,HSI00000203
441316,HSI00001250
441307,HSI00000584
441300,HSI00000055
444007,HSI00001148
440035,HSI00000249
440073,HSI00000630
440059,HSI00000275
440131,HSI00000081
440009,HSI00000286
440046,HSI00000492
440018,HSI00001284
440072,HSI00001250
440001,HSI00001284
440003,HSI00000584
440025,HSI00001284
440050,HSI00001284
440031,HSI00000286
441301,HSI00000584
444010,HSI00001250
440056,HSI00000249
440180,HSI00000251
440063,HSI00001284
440017,HSI00001284
443034,HSI00000081
440184,HSI00001284
443303,HSI00000327
440125,HSI00000286
440173,HSI00000286
440120,HSI00000249
440015,HSI00001153
440033,HSI00000249
440175,HSI00000584
441309,HSI00000630
440187,HSI00000584
440110,HSI00000286
440061,HSI00001250
440011,HSI00000118
440048,HSI00000081
444004,HSI00001148
440152,HSI00000870
440194,HSI00000492
440049,HSI00000675
440183,HSI00001066
440060,HSI00001250
440030,HSI00000286
440067,HSI00000249
440053,HSI00000055
440133,HSI00000055
440006,HSI00000492
440197,HSI00000492
440082,HSI00000055
440039,HSI00001222
440153,HSI00000249
440034,HSI00000286
441306,HSI00000203
440020,HSI00000584
440032,HSI00001284
440081,HSI00000286
440058,HSI00000584
440137,HSI00000249
440192,HSI00000055
440057,HSI00000286
440144,HSI00000249
440130,HSI00000081
440010,HSI00000630
440200,HSI00000055
440002,HSI00001250
440016,HSI00000081
440148,HSI00000055
442017,HSI00000870
010113,HSI00000511
010016,HSI00001066
010085,HSI00000467
014013,HSI00001148
010036,HSI00000584
010079,HSI00000467
010169,HSI00000511
010129,HSI00000511
010114,HSI00001116
010103,HSI00001066
010104,HSI00000249
013300,HSI00000217
010139,HSI00001066
010011,HSI00000055
014000,HSI00001148
012006,HSI00000511
010056,HSI00000055
010033,HSI00001116
010022,HSI00000369
010112,HSI00001116
010055,HSI00000249
010001,HSI00001005
010049,HSI00000249
011304,HSI00000896
010100,HSI00000511
010045,HSI00000297
010173,HSI00000055
010006,HSI00000584
010083,HSI00000249
010040,HSI00000249
010046,HSI00000845
010039,HSI00000467
010044,HSI00000750
010131,HSI00000249
010089,HSI00001066
013301,HSI00001180
010087,HSI00001180
010090,HSI00000055
010023,HSI00000466
011305,HSI00000055
010029,HSI00000325
010130,HSI00000055
010108,HSI00000466
010149,HSI00000466
010158,HSI00000295
010118,HSI00000584
010019,HSI00000467
010157,HSI00000584
010101,HSI00001066
010092,HSI00000297
010086,HSI00000295
010059,HSI00000467
011302,HSI00000467
010032,HSI00001061
250100,HSI00000081
252003,HSI00000081
250001,HSI00001155
250102,HSI00000081
252004,HSI00000896
251323,HSI00000896
254007,HSI00001148
250031,HSI00000249
250025,HSI00000295
250040,HSI00000988
250162,HSI00000780
250007,HSI00000249
250044,HSI00000081
250096,HSI00000249
251331,HSI00000081
250038,HSI00000249
251315,HSI00000081
250042,HSI00000295
250093,HSI00000584
250085,HSI00000371
250136,HSI00000249
250099,HSI00001313
250168,HSI00001155
250123,HSI00000492
250019,HSI00000655
250078,HSI00000371
250094,HSI00000249
250002,HSI00000750
250072,HSI00000249
250138,HSI00000249
250048,HSI00000916
250167,HSI00000675
251336,HSI00000081
251319,HSI00001155
250027,HSI00000081
250104,HSI00000034
254005,HSI00001148
250081,HSI00000034
250069,HSI00000896
250151,HSI00001148
250084,HSI00000249
250006,HSI00000081
250034,HSI00000081
250117,HSI00000371
251308,HSI00000750
251326,HSI00000371
251316,HSI00000896
250004,HSI00000750
251324,HSI00000371
251322,HSI00000896
250067,HSI00000750
251313,HSI00000081
250141,HSI00000081
250128,HSI00000295
250020,HSI00000750
251335,HSI00000896
240196,HSI00000029
240080,HSI00000357
240050,HSI00000357
240213,HSI00000357
241313,HSI00000350
240043,HSI00000631
240115,HSI00000029
241311,HSI00000881
241340,HSI00000350
240117,HSI00000631
241328,HSI00000958
241301,HSI00000183
240100,HSI00000958
240214,HSI00000749
240075,HSI00000350
241377,HSI00000183
240076,HSI00000029
240020,HSI00000029
241347,HSI00000958
241346,HSI00000631
241364,HSI00000258
241360,HSI00000350
240101,HSI00000350
240019,HSI00000350
240047,HSI00000937
240002,HSI00000350
240166,HSI00000631
243302,HSI00000207
240010,HSI00000631
240071,HSI00000029
244018,HSI00000958
240052,HSI00000567
241357,HSI00000350
241355,HSI00000464
241321,HSI00000350
240064,HSI00000357
240059,HSI00000029
240040,HSI00000357
240187,HSI00000464
241315,HSI00000958
241338,HSI00000631
241375,HSI00000881
241370,HSI00000183
241326,HSI00000193
241371,HSI00000958
241300,HSI00000958
240093,HSI00000631
241359,HSI00000068
241330,HSI00000193
240057,HSI00000029
240210,HSI00000357
240053,HSI00000464
240207,HSI00000357
240078,HSI00000357
240004,HSI00000473
243303,HSI00000981
241362,HSI00000193
241361,HSI00000631
241378,HSI00000029
240014,HSI00000765
241342,HSI00000958
240069,HSI00000029
241380,HSI00000183
241349,HSI00000193
241373,HSI00000958
241374,HSI00000068
240141,HSI00000357
240018,HSI00000631
240001,HSI00000749
240006,HSI00000789
240036,HSI00000193
241333,HSI00000631
240106,HSI00000464
242004,HSI00000357
240038,HSI00000029
240063,HSI00000357
241309,HSI00000350
241368,HSI00000193
240104,HSI00000029
241319,HSI00000958
241352,HSI00000631
240066,HSI00000464
241381,HSI00000958
241303,HSI00000958
241308,HSI00000937
241348,HSI00000068
240084,HSI00000350
241335,HSI00000055
240056,HSI00000881
241345,HSI00000631
241302,HSI00000958
241304,HSI00000958
240088,HSI00000193
241332,HSI00000958
240044,HSI00001264
240022,HSI00000958
160064,HSI00001106
160083,HSI00000183
160033,HSI00000390
161342,HSI00000183
161353,HSI00001106
161306,HSI00001146
161330,HSI00000183
161327,HSI00001106
161307,HSI00001106
160057,HSI00000421
160040,HSI00001106
160079,HSI00000666
160045,HSI00001146
161377,HSI00000183
161341,HSI00001146
161347,HSI00000631
161352,HSI00000143
160080,HSI00001106
161304,HSI00000183
161358,HSI00000183
160047,HSI00000672
160028,HSI00000183
161328,HSI00001106
161365,HSI00001146
160104,HSI00001146
161371,HSI00000631
160101,HSI00001287
160024,HSI00001146
160082,HSI00001146
161313,HSI00000390
160117,HSI00001146
160069,HSI00001106
161378,HSI00001106
161319,HSI00001106
161357,HSI00001106
161351,HSI00000068
160016,HSI00001146
161310,HSI00000183
160147,HSI00001146
161303,HSI00001146
161314,HSI00001146
161312,HSI00001106
161308,HSI00001106
161311,HSI00001106
161334,HSI00001146
161335,HSI00001146
160029,HSI00001106
160058,HSI00001172
161380,HSI00001106
161325,HSI00001146
160008,HSI00001146
161337,HSI00001172
161355,HSI00001106
161350,HSI00001146
161368,HSI00000068
161329,HSI00000390
161317,HSI00001146
160001,HSI00001146
161309,HSI00000183
161373,HSI00000183
160013,HSI00001146
161333,HSI00001146
161331,HSI00001106
160032,HSI00000183
161338,HSI00001106
161360,HSI00000958
161323,HSI00001106
161348,HSI00001146
160089,HSI00000584
161322,HSI00000666
161305,HSI00001146
161300,HSI00001106
161321,HSI00000958
161336,HSI00000068
161370,HSI00001146
161381,HSI00000958
161366,HSI00001085
161345,HSI00000068
161346,HSI00000068
160146,HSI00001146
160153,HSI00001106
160124,HSI00000068
161375,HSI00001146
161320,HSI00001146
160110,HSI00001146
160067,HSI00001106
161361,HSI00000183
161316,HSI00000428
161326,HSI00000183
161315,HSI00001172
260062,HSI00000935
260163,HSI00000070
260137,HSI00000381
260006,HSI00000705
261316,HSI00000660
260047,HSI00001178
260119,HSI00000249
263028,HSI00000070
260210,HSI00001042
261312,HSI00000705
260216,HSI00000935
261315,HSI00000070
260219,HSI00000070
260214,HSI00000492
260095,HSI00000492
263029,HSI00000660
260094,HSI00000290
260195,HSI00000225
260193,HSI00000845
260183,HSI00000920
260179,HSI00000933
260110,HSI00001007
261338,HSI00000660
261321,HSI00000935
260068,HSI00000070
260141,HSI00001178
260080,HSI00001007
260160,HSI00001007
260180,HSI00000070
260023,HSI00000660
261302,HSI00000902
261324,HSI00000492
260011,HSI00000902
260001,HSI00000660
263302,HSI00001076
260048,HSI00001110
260102,HSI00001110
264017,HSI00001148
260027,HSI00000492
260085,HSI00000845
263031,HSI00000902
260138,HSI00000935
263032,HSI00000660
000000,HSI00000249
260081,HSI00000902
260200,HSI00000902
261325,HSI00000290
260059,HSI00000660
261320,HSI00000492
260190,HSI00000492
260177,HSI00000729
260050,HSI00000902
260064,HSI00000902
261329,HSI00000290
261335,HSI00000660
261331,HSI00000381
260061,HSI00000381
000000,HSI00001148
260096,HSI00000748
260186,HSI00000568
261308,HSI00000070
260005,HSI00000902
260032,HSI00000070
269807,HSI00000902
260104,HSI00000902
260091,HSI00000902
260162,HSI00000070
260105,HSI00000902
260108,HSI00000070
260077,HSI00000660
260020,HSI00000660
263301,HSI00000070
263304,HSI00000981
260191,HSI00000070
261318,HSI00000070
260040,HSI00000290
260065,HSI00000660
261337,HSI00000070
261319,HSI00000660
261309,HSI00000935
260052,HSI00000660
260022,HSI00000249
260078,HSI00000902
261328,HSI00000705
261317,HSI00000660
261333,HSI00000902
260074,HSI00000249
260176,HSI00000933
350019,HSI00000032
350070,HSI00000350
350006,HSI00001107
354004,HSI00001148
350015,HSI00000958
350002,HSI00000183
351318,HSI00000183
351333,HSI00000183
351336,HSI00000183
350011,HSI00000958
351303,HSI00000183
351329,HSI00000958
351305,HSI00001107
351328,HSI00000183
351311,HSI00000183
351309,HSI00000958
351312,HSI00000958
351315,HSI00000183
351304,HSI00000183
351324,HSI00000183
351334,HSI00000183
430077,HSI00000868
430013,HSI00000068
430014,HSI00000068
430027,HSI00000958
430095,HSI00000068
430089,HSI00001066
430092,HSI00000068
430093,HSI00000868
430096,HSI00000068
431309,HSI00000958
431329,HSI00000958
431307,HSI00000958
431323,HSI00000868
431320,HSI00000868
431331,HSI00000068
431332,HSI00000068
431308,HSI00000068
431310,HSI00000068
431313,HSI00000068
431302,HSI00000068
431338,HSI00000068
431322,HSI00000868
431326,HSI00000068
431337,HSI00000068
431330,HSI00000068
431319,HSI00000868
430015,HSI00000068
431306,HSI00000068
431317,HSI00000068
430016,HSI00000068
430048,HSI00000868
431321,HSI00000868
431327,HSI00000068
431336,HSI00000958
431328,HSI00000958
431315,HSI00000068
431324,HSI00000068
431334,HSI00000958
430012,HSI00000068
431312,HSI00000068
431333,HSI00000958
431311,HSI00000958
430097,HSI00000958
280009,HSI00000183
280125,HSI00000358
280013,HSI00001085
280003,HSI00000143
280128,HSI00000183
280130,HSI00000183
280129,HSI00001085
281343,HSI00000358
281359,HSI00000183
281335,HSI00000183
281348,HSI00000068
281328,HSI00000143
280132,HSI00001085
281341,HSI00000868
281331,HSI00000068
281354,HSI00000143
280077,HSI00000672
280023,HSI00000183
280032,HSI00000623
280020,HSI00000183
281303,HSI00000358
281342,HSI00000183
280065,HSI00000753
281321,HSI00001106
281355,HSI00000073
283301,HSI00000213
280105,HSI00000183
280081,HSI00000183
283300,HSI00000360
280040,HSI00000672
280060,HSI00000183
281329,HSI00000068
281310,HSI00000871
280061,HSI00000871
281346,HSI00000183
281323,HSI00000183
281322,HSI00000487
281307,HSI00000143
280133,HSI00000183
170013,HSI00001173
173028,HSI00000055
170012,HSI00000948
170122,HSI00000055
170142,HSI00000055
170182,HSI00000492
170185,HSI00000935
170183,HSI00000055
173300,HSI00001076
170187,HSI00000948
170191,HSI00001173
171308,HSI00000660
171349,HSI00000948
170175,HSI00000584
170200,HSI00000055
170058,HSI00000660
170023,HSI00000183
171316,HSI00000935
171373,HSI00000492
170146,HSI00000845
170040,HSI00001173
171345,HSI00001173
170133,HSI00000935
170009,HSI00000845
171358,HSI00000948
171336,HSI00001173
170049,HSI00000788
170176,HSI00000492
170104,HSI00000010
170109,HSI00000788
170006,HSI00000055
170016,HSI00001173
170086,HSI00001039
170110,HSI00000183
171337,HSI00000055
170123,HSI00000492
044013,HSI00001148
040022,HSI00000249
041321,HSI00000074
040137,HSI00000183
040014,HSI00001145
043033,HSI00000272
042011,HSI00001145
040119,HSI00001260
040084,HSI00000584
044007,HSI00001148
041318,HSI00000660
040029,HSI00000272
041312,HSI00000074
040088,HSI00000249
042012,HSI00000074
041331,HSI00000804
044019,HSI00001148
040004,HSI00001240
040062,HSI00000660
040055,HSI00000249
040152,HSI00000249
040078,HSI00000584
040026,HSI00000183
040020,HSI00000911
040118,HSI00000081
040114,HSI00000074
043300,HSI00000050
043026,HSI00000074
040007,HSI00000183
040016,HSI00001166
040153,HSI00001037
040076,HSI00000074
041300,HSI00000660
041324,HSI00000183
040027,HSI00000090
041310,HSI00001260
044005,HSI00001148
040036,HSI00000074
040010,HSI00000660
040041,HSI00000584
040001,HSI00000249
040072,HSI00000074
040018,HSI00000249
041305,HSI00000660
041307,HSI00000911
041329,HSI00000660
041303,HSI00000660
040154,HSI00000074
190034,HSI00000562
190026,HSI00000492
194020,HSI00001148
190005,HSI00000555
190064,HSI00000376
190176,HSI00000492
190065,HSI00000089
193044,HSI00000751
190019,HSI00000152
190241,HSI00000081
192019,HSI00000564
190041,HSI00000152
190116,HSI00000251
190312,HSI00000376
190263,HSI00000376
190202,HSI00000780
190246,HSI00000376
191302,HSI00000562
190255,HSI00000376
190190,HSI00001123
191312,HSI00000152
190267,HSI00000555
190268,HSI00000562
190044,HSI00000562
190015,HSI00000751
190242,HSI00000376
190183,HSI00000780
191321,HSI00000559
191317,HSI00000376
191322,HSI00000562
190006,HSI00000562
190002,HSI00000562
190102,HSI00000376
000000,HSI00000492
190060,HSI00000564
190027,HSI00000152
192015,HSI00000780
190079,HSI00000780
190025,HSI00000152
190274,HSI00000780
190039,HSI00000555
190146,HSI00000326
190125,HSI00000376
190014,HSI00000584
190007,HSI00000152
191303,HSI00000376
190054,HSI00000562
193300,HSI00000555
190036,HSI00000780
194031,HSI00001148
190046,HSI00000555
190308,HSI00000780
190313,HSI00000555
194112,HSI00000098
191324,HSI00000780
190086,HSI00000249
193301,HSI00000981
190204,HSI00000780
190040,HSI00000944
190111,HSI00001263
190088,HSI00001263
190160,HSI00001037
190201,HSI00000152
370020,HSI00000660
370093,HSI00000492
370202,HSI00000046
370199,HSI00000507
370211,HSI00000507
370216,HSI00000046
370149,HSI00000902
370212,HSI00001066
370047,HSI00000660
372016,HSI00000507
370227,HSI00000055
374023,HSI00001148
370228,HSI00000046
370008,HSI00000743
370018,HSI00000055
370236,HSI00000507
370030,HSI00001359
370218,HSI00000919
370039,HSI00000046
370029,HSI00000249
370234,HSI00000660
370099,HSI00000046
370014,HSI00000249
370235,HSI00000055
370011,HSI00000660
370016,HSI00000507
370026,HSI00001148
370113,HSI00000507
373033,HSI00000660
371317,HSI00000660
371310,HSI00000660
370183,HSI00000046
371313,HSI00000660
370056,HSI00000242
370097,HSI00000584
371326,HSI00000249
371306,HSI00000660
370004,HSI00000507
370025,HSI00000919
371305,HSI00000055
370028,HSI00000507
370032,HSI00000249
370094,HSI00000249
370013,HSI00000660
370037,HSI00000902
370106,HSI00000507
370006,HSI00000249
370015,HSI00000046
371312,HSI00000055
370229,HSI00000249
370049,HSI00001359
371328,HSI00000660
371304,HSI00000660
370001,HSI00000046
374024,HSI00001148
370091,HSI00000919
370114,HSI00000055
370237,HSI00000919
371302,HSI00000660
374020,HSI00000919
371323,HSI00000902
370002,HSI00000249
370078,HSI00000919
452018,HSI00001072
450229,HSI00000471
454069,HSI00001148
450403,HSI00000492
450133,HSI00000684
450558,HSI00000249
453306,HSI00000852
450828,HSI00000152
450775,HSI00000492
450209,HSI00001148
450372,HSI00000096
453308,HSI00000208
453065,HSI00000152
450804,HSI00000492
450046,HSI00000152
450346,HSI00000251
450083,HSI00000046
450809,HSI00000492
450713,HSI00000492
450774,HSI00001066
450064,HSI00001072
450780,HSI00000492
450675,HSI00000492
450222,HSI00000492
450801,HSI00000152
454012,HSI00001148
450389,HSI00000046
450571,HSI00000975
453072,HSI00000046
450010,HSI00001143
450231,HSI00000046
450820,HSI00001081
450825,HSI00001148
454029,HSI00000055
453310,HSI00000055
450867,HSI00000055
450617,HSI00000492
450822,HSI00000492
452038,HSI00001148
450124,HSI00000055
450431,HSI00000492
452046,HSI00000492
450056,HSI00000055
452051,HSI00000046
450844,HSI00001081
450840,HSI00001072
450833,HSI00000584
452118,HSI00001081
450419,HSI00001072
451319,HSI00000152
450855,HSI00000845
450869,HSI00000318
450865,HSI00000055
450853,HSI00001066
450424,HSI00001081
450862,HSI00000183
450851,HSI00000096
450885,HSI00000096
450034,HSI00000152
450890,HSI00000096
450196,HSI00000584
450864,HSI00001066
450872,HSI00001130
454103,HSI00001148
450893,HSI00000096
450639,HSI00001072
450874,HSI00001066
450082,HSI00000152
450876,HSI00000081
450880,HSI00001066
450875,HSI00000046
452091,HSI00000251
450253,HSI00000183
450883,HSI00001066
450518,HSI00001037
450891,HSI00001072
454104,HSI00001148
450766,HSI00001165
452029,HSI00000251
670043,HSI00000249
673038,HSI00000654
670010,HSI00001148
670023,HSI00000673
670024,HSI00000492
451370,HSI00001148
452102,HSI00000852
670047,HSI00001066
450688,HSI00000845
670025,HSI00000096
670034,HSI00000096
450888,HSI00001072
000000,HSI00000183
670044,HSI00001072
670049,HSI00001066
670031,HSI00000183
452105,HSI00000096
454109,HSI00001148
670046,HSI00001130
670041,HSI00000055
450058,HSI00001066
670055,HSI00000492
670053,HSI00000183
450187,HSI00000096
450662,HSI00000492
450028,HSI00001066
450587,HSI00000249
450299,HSI00000249
450011,HSI00000183
451305,HSI00000183
451365,HSI00000055
670059,HSI00000183
670056,HSI00000055
670060,HSI00001066
450210,HSI00000046
450730,HSI00000096
450148,HSI00001072
670082,HSI00000096
450119,HSI00001148
454107,HSI00001148
670075,HSI00000183
670067,HSI00000096
670066,HSI00001037
670068,HSI00001072
673046,HSI00000096
670080,HSI00000055
454050,HSI00001148
450788,HSI00000492
453301,HSI00000321
450447,HSI00000249
670077,HSI00001081
670088,HSI00000096
670108,HSI00000096
670071,HSI00001072
670076,HSI00000096
450021,HSI00000096
454111,HSI00001148
453036,HSI00000096
670058,HSI00000654
670085,HSI00001072
453302,HSI00000208
670078,HSI00001066
450771,HSI00001072
450015,HSI00000298
000000,HSI00001037
450678,HSI00001066
452117,HSI00000251
000000,HSI00000673
454121,HSI00001148
454094,HSI00000492
450422,HSI00000096
670098,HSI00001066
450051,HSI00000673
450379,HSI00000845
450647,HSI00000492
670106,HSI00000492
450723,HSI00000673
453316,HSI00000208
670103,HSI00000492
670095,HSI00000654
450044,HSI00001165
670120,HSI00001066
450462,HSI00001072
452121,HSI00000251
454081,HSI00001148
670122,HSI00001081
454138,HSI00001148
673030,HSI00000152
450324,HSI00001148
450743,HSI00001072
450634,HSI00000492
450092,HSI00001148
450668,HSI00001066
450002,HSI00001066
450107,HSI00000492
450658,HSI00000251
450137,HSI00000096
453300,HSI00000273
450087,HSI00000492
450135,HSI00001072
450779,HSI00001072
450672,HSI00000492
450039,HSI00001063
450072,HSI00000183
450090,HSI00000902
453311,HSI00000981
450709,HSI00001081
450018,HSI00001165
000000,HSI00000096
450451,HSI00000096
450563,HSI00000096
450033,HSI00001066
450475,HSI00000046
450192,HSI00000249
450716,HSI00000492
450068,HSI00000654
450638,HSI00000492
450289,HSI00000451
450076,HSI00001165
450184,HSI00000654
450358,HSI00001081
450610,HSI00000654
450659,HSI00000492
450035,HSI00001037
450193,HSI00000183
453312,HSI00000981
453304,HSI00001069
453025,HSI00000654
454026,HSI00001148
450644,HSI00000492
450674,HSI00000492
454076,HSI00001165
450079,HSI00000096
450684,HSI00000654
450194,HSI00000046
450573,HSI00000152
450292,HSI00001072
450165,HSI00000492
450677,HSI00000010
450847,HSI00000654
450742,HSI00000096
454108,HSI00001148
450152,HSI00000010
450163,HSI00000152
670004,HSI00000251
451323,HSI00000010
450643,HSI00001148
450029,HSI00000249
450755,HSI00000852
450669,HSI00000492
450395,HSI00000183
450219,HSI00000096
450702,HSI00000249
450718,HSI00000492
450040,HSI00000852
450686,HSI00001159
450162,HSI00000852
450484,HSI00000249
450211,HSI00000183
451371,HSI00000055
451316,HSI00000183
450032,HSI00000152
450400,HSI00000584
450176,HSI00000845
450508,HSI00000251
450656,HSI00001066
451322,HSI00000183
450661,HSI00001037
453089,HSI00000584
450747,HSI00000584
450099,HSI00000845
450097,HSI00000492
451367,HSI00000046
450539,HSI00000852
451380,HSI00000046
450651,HSI00000492
450537,HSI00000673
450340,HSI00000249
454064,HSI00001148
450130,HSI00000851
450213,HSI00000113
450237,HSI00000152
450388,HSI00000492
450697,HSI00001037
451360,HSI00000183
450272,HSI00000010
454060,HSI00001148
450469,HSI00000021
450143,HSI00000055
450351,HSI00001072
450236,HSI00000152
451374,HSI00000096
450054,HSI00000096
450200,HSI00001037
450690,HSI00001165
450670,HSI00000492
450102,HSI00000152
450147,HSI00000249
450101,HSI00000096
450042,HSI00000055
450203,HSI00000492
450128,HSI00000845
454065,HSI00001148
451346,HSI00000251
450711,HSI00000492
450848,HSI00000654
450596,HSI00000249
451381,HSI00000152
270012,HSI00000107
271313,HSI00000114
270051,HSI00000538
270087,HSI00000538
271335,HSI00000852
270004,HSI00000114
270049,HSI00000991
270057,HSI00000135
270017,HSI00000991
271334,HSI00000958
271307,HSI00000107
271330,HSI00000114
271304,HSI00000107
271321,HSI00000991
270003,HSI00000943
271317,HSI00000114
271347,HSI00000991
270023,HSI00000254
270014,HSI00000852
271303,HSI00000852
271323,HSI00000852
271343,HSI00000852
271326,HSI00000114
271342,HSI00000114
271336,HSI00000538
131323,HSI00000934
130028,HSI00000046
131325,HSI00000071
130067,HSI00000071
134002,HSI00001148
133025,HSI00000934
130007,HSI00001106
130006,HSI00000934
131326,HSI00000516
130014,HSI00000492
130049,HSI00000553
131321,HSI00000350
130018,HSI00000492
131310,HSI00000934
130003,HSI00000584
131312,HSI00000934
131311,HSI00000934
130013,HSI00001106
131320,HSI00000350
130002,HSI00000934
131307,HSI00000934
130071,HSI00000934
530014,HSI00000206
534004,HSI00001148
530012,HSI00001271
530002,HSI00000159
530025,HSI00001169
531309,HSI00000114
531303,HSI00000868
530008,HSI00000584
531311,HSI00000868
531307,HSI00000073
531305,HSI00000073
531306,HSI00000073
060031,HSI00000183
060009,HSI00000991
063027,HSI00000492
060100,HSI00000492
060013,HSI00000183
060010,HSI00001169
060116,HSI00000991
060114,HSI00000010
060112,HSI00000492
060117,HSI00000081
060103,HSI00000010
060118,HSI00000183
060119,HSI00001169
061326,HSI00001169
064024,HSI00001148
060027,HSI00000132
064007,HSI00001148
060004,HSI00000991
061303,HSI00000073
060016,HSI00000183
064009,HSI00001148
060022,HSI00001169
061327,HSI00000251
063301,HSI00001169
060011,HSI00000307
060107,HSI00000720
060032,HSI00000492
060064,HSI00000183
060014,HSI00000492
060015,HSI00000183
060028,HSI00000991
060024,HSI00001169
060126,HSI00000073
060065,HSI00000492
060034,HSI00000492
060044,HSI00000584
060075,HSI00001365
060023,HSI00000991
060001,HSI00000073
061305,HSI00000073
060003,HSI00000183
060030,HSI00000073
060113,HSI00000183
060012,HSI00000183
060020,HSI00001341
060049,HSI00001169
060076,HSI00000073
060096,HSI00001214
060104,HSI00000183
060124,HSI00000183
060125,HSI00000183
060129,HSI00001169
060130,HSI00001169
320006,HSI00000249
320022,HSI00000843
320085,HSI00000249
320086,HSI00000046
320001,HSI00001125
320021,HSI00000843
320009,HSI00000046
320074,HSI00000046
320063,HSI00000249
321304,HSI00000251
320011,HSI00000843
320005,HSI00000956
320065,HSI00000249
320018,HSI00000584
324010,HSI00001148
321305,HSI00000852
320033,HSI00000584
320002,HSI00000152
323028,HSI00000046
320089,HSI00001125
321301,HSI00000843
321302,HSI00000843
320017,HSI00000046
321306,HSI00000843
030089,HSI00000073
030065,HSI00000073
030103,HSI00000631
030006,HSI00001055
030023,HSI00000761
030016,HSI00000073
030105,HSI00000073
030110,HSI00001066
030036,HSI00000314
030114,HSI00000249
030115,HSI00000073
030112,HSI00000314
030007,HSI00000761
030122,HSI00000073
030101,HSI00000249
030117,HSI00000584
030121,HSI00001037
030119,HSI00000314
030123,HSI00000491
030130,HSI00000073
030055,HSI00000631
030069,HSI00000584
030088,HSI00000073
031313,HSI00001066
033302,HSI00000824
031304,HSI00000073
030033,HSI00000073
030030,HSI00001066
034013,HSI00001037
030002,HSI00000073
030014,HSI00000491
030022,HSI00000615
030134,HSI00000073
034026,HSI00001148
030024,HSI00000314
030037,HSI00001037
030094,HSI00001066
030083,HSI00001066
030012,HSI00001273
030092,HSI00000491
034004,HSI00000073
030038,HSI00000491
030061,HSI00000073
030043,HSI00000584
030087,HSI00000491
030093,HSI00000073
034030,HSI00001148
030111,HSI00000073
030011,HSI00001066
030010,HSI00001066
030064,HSI00000073
030013,HSI00001275
030085,HSI00000249
030131,HSI00000314
460052,HSI00000492
460054,HSI00000492
460049,HSI00000516
460023,HSI00000516
460042,HSI00000492
460017,HSI00000492
460007,HSI00000516
461300,HSI00000516
461301,HSI00000516
460008,HSI00001037
461307,HSI00000516
460041,HSI00001037
460015,HSI00000516
460058,HSI00000516
461303,HSI00000516
460010,HSI00000516
460005,HSI00000492
460004,HSI00000516
460057,HSI00000516
460013,HSI00000492
460011,HSI00000584
460001,HSI00000516
460026,HSI00000516
460021,HSI00000516
460006,HSI00000516
460003,HSI00001037
463301,HSI00000516
460047,HSI00000492
460051,HSI00001037
463302,HSI00000981
460009,HSI00001184
464009,HSI00001184
460039,HSI00000516
460030,HSI00000584
460060,HSI00000492
464014,HSI00001148
460043,HSI00000516
460044,HSI00000516
460033,HSI00000516
464013,HSI00001148
000000,HSI00000874
290041,HSI00001148
290039,HSI00000492
290045,HSI00000314
292008,HSI00000178
290047,HSI00000492
290046,HSI00001148
290019,HSI00000178
294011,HSI00001148
291306,HSI00000086
290049,HSI00000874
290053,HSI00000314
291311,HSI00001148
290054,HSI00001148
290008,HSI00000584
294010,HSI00001148
291313,HSI00000073
290012,HSI00000314
290003,HSI00000492
290007,HSI00001160
290021,HSI00001148
290022,HSI00001148
290009,HSI00000845
294003,HSI00001148
290032,HSI00001148
290001,HSI00000874
000000,HSI00001148
291301,HSI00001059
290057,HSI00001148
290005,HSI00000845
500030,HSI00000814
500011,HSI00000183
500014,HSI00000852
500027,HSI00000852
502001,HSI00000183
500148,HSI00000266
500150,HSI00000576
500151,HSI00000183
500007,HSI00001356
500015,HSI00000714
500051,HSI00000814
500039,HSI00000183
500019,HSI00000852
501309,HSI00000852
501327,HSI00000852
501326,HSI00000852
501335,HSI00000183
500053,HSI00001109
504002,HSI00001148
500124,HSI00000814
500041,HSI00000814
500084,HSI00000814
501340,HSI00000814
500024,HSI00000852
501337,HSI00000584
500139,HSI00000584
500072,HSI00000229
500079,HSI00000714
504008,HSI00000584
500088,HSI00001133
500058,HSI00000852
501311,HSI00000814
503300,HSI00000969
500064,HSI00001133
500001,HSI00001133
500025,HSI00000852
50018E,HSI00001148
500008,HSI00001133
500005,HSI00001232
500026,HSI00000852
501329,HSI00000814
501336,HSI00000814
500119,HSI00000714
500044,HSI00000714
500077,HSI00000852
500054,HSI00000852
503025,HSI00000852
503302,HSI00000981
501330,HSI00001281
500129,HSI00000714
500021,HSI00000183
503301,HSI00000714
500108,HSI00000183
500037,HSI00001281
500050,HSI00000814
500002,HSI00000852
500016,HSI00000266
500012,HSI00001281
500036,HSI00001232
500141,HSI00000183
501319,HSI00000852
500152,HSI00000852
380007,HSI00000576
380021,HSI00001111
380002,HSI00000054
380022,HSI00000951
380005,HSI00000054
380091,HSI00000536
380102,HSI00000814
381315,HSI00001106
380047,HSI00000912
380014,HSI00000951
381301,HSI00000814
381308,HSI00000947
381306,HSI00000011
380033,HSI00000814
381316,HSI00000814
380025,HSI00000576
381318,HSI00000852
380050,HSI00000994
384012,HSI00001148
381309,HSI00000576
381323,HSI00000951
381324,HSI00000912
381302,HSI00000951
380071,HSI00000584
380018,HSI00000054
380075,HSI00000852
380082,HSI00000852
380037,HSI00000852
381314,HSI00000951
380052,HSI00001106
380038,HSI00000852
381319,HSI00000183
380017,HSI00000576
380103,HSI00000536
380060,HSI00000011
380061,HSI00000852
380004,HSI00000852
383300,HSI00000981
380009,HSI00000795
381313,HSI00000912
380040,HSI00000912
380027,HSI00000183
380051,HSI00000947
381303,HSI00000852
380029,HSI00000576
380001,HSI00000681
381317,HSI00000011
380089,HSI00000576
054111,HSI00001148
050336,HSI00000011
050242,HSI00000314
050581,HSI00001066
050076,HSI00000536
050464,HSI00001066
054110,HSI00001148
054093,HSI00000591
050690,HSI00000536
050211,HSI00000018
050043,HSI00001050
050047,HSI00001050
050516,HSI00000314
050765,HSI00000536
050689,HSI00001066
050696,HSI00001181
050454,HSI00001168
050329,HSI00001148
050393,HSI00000805
050091,HSI00000067
050709,HSI00000845
050138,HSI00000536
050710,HSI00000536
050327,HSI00000591
050748,HSI00000536
050663,HSI00000851
050754,HSI00001050
050075,HSI00000536
050072,HSI00000536
050742,HSI00000021
050135,HSI00000851
050108,HSI00001050
050609,HSI00000536
050380,HSI00000492
050714,HSI00001050
050036,HSI00000314
050523,HSI00001050
050426,HSI00000845
050300,HSI00000852
050039,HSI00000345
050723,HSI00000536
050726,HSI00001050
050295,HSI00000314
053309,HSI00000658
050763,HSI00001042
050006,HSI00000852
050283,HSI00001033
054131,HSI00000530
050174,HSI00000852
050292,HSI00000885
053306,HSI00000214
050697,HSI00000011
050722,HSI00000977
050016,HSI00000314
050444,HSI00000314
050394,HSI00000255
050488,HSI00001050
050760,HSI00000536
050498,HSI00001050
050778,HSI00000591
050455,HSI00000011
050139,HSI00000536
050133,HSI00000880
050603,HSI00000658
050121,HSI00000011
050320,HSI00000018
050305,HSI00001050
050007,HSI00001050
050235,HSI00000852
050616,HSI00000314
050780,HSI00000851
050766,HSI00001050
050481,HSI00000492
051327,HSI00000011
050586,HSI00000845
050367,HSI00000755
050222,HSI00000977
050770,HSI00000591
050512,HSI00000536
050772,HSI00000536
050767,HSI00000536
051317,HSI00000011
050625,HSI00000190
050496,HSI00000530
050234,HSI00000977
050417,HSI00001050
050752,HSI00000851
050537,HSI00001050
050608,HSI00000011
050503,HSI00000968
050158,HSI00000845
050115,HSI00000809
050775,HSI00001148
050769,HSI00000484
050382,HSI00000226
050701,HSI00001148
050777,HSI00000536
050414,HSI00000314
050140,HSI00000536
051318,HSI00000852
050570,HSI00001066
050678,HSI00000658
050093,HSI00001106
050168,HSI00000852
050468,HSI00000067
050688,HSI00001224
050239,HSI00000011
050230,HSI00000845
050124,HSI00001181
050058,HSI00000314
050597,HSI00000226
050205,HSI00000845
050150,HSI00000314
050026,HSI00000977
050636,HSI00000809
050196,HSI00000011
050411,HSI00000536
050002,HSI00000021
050717,HSI00000593
050526,HSI00000845
050534,HSI00001066
050739,HSI00000845
050561,HSI00000536
050014,HSI00001050
050324,HSI00000968
050424,HSI00000968
051329,HSI00001050
050515,HSI00000536
050580,HSI00000845
050204,HSI00001148
000000,HSI00000658
050776,HSI00000011
050191,HSI00000314
050485,HSI00000658
050641,HSI00000067
050308,HSI00000336
050551,HSI00001066
050149,HSI00000314
053302,HSI00000210
050471,HSI00000404
050373,HSI00000593
050660,HSI00001181
054009,HSI00001168
050502,HSI00001224
050262,HSI00001168
050103,HSI00000011
050528,HSI00001050
050104,HSI00001224
050118,HSI00001066
050740,HSI00000190
050276,HSI00000270
050567,HSI00000852
050557,HSI00001050
050758,HSI00000845
051319,HSI00000314
050009,HSI00000852
050024,HSI00000845
050224,HSI00000484
050195,HSI00001239
050116,HSI00000314
050771,HSI00000067
050131,HSI00001050
053301,HSI00001168
051334,HSI00000255
053304,HSI00000214
050348,HSI00001168
050069,HSI00000852
050082,HSI00000314
050573,HSI00000335
050243,HSI00001066
050441,HSI00001033
050225,HSI00000011
050438,HSI00000503
050136,HSI00000852
050589,HSI00001066
050254,HSI00000619
050231,HSI00000833
050042,HSI00000314
050280,HSI00000314
050764,HSI00000845
050541,HSI00000536
050197,HSI00000314
050192,HSI00000011
050022,HSI00000492
050686,HSI00000536
054032,HSI00001148
050309,HSI00001050
050425,HSI00000536
050017,HSI00000314
050590,HSI00000314
050674,HSI00000536
050599,HSI00001168
054096,HSI00001050
054087,HSI00001148
054104,HSI00001148
050248,HSI00000723
050334,HSI00000949
051332,HSI00000314
050129,HSI00000314
050089,HSI00000314
050245,HSI00000053
053303,HSI00000864
050757,HSI00000845
050100,HSI00000977
050077,HSI00000968
054145,HSI00000977
050025,HSI00001168
050588,HSI00000845
050278,HSI00000852
050008,HSI00001050
050668,HSI00001351
050289,HSI00001224
050152,HSI00000314
050055,HSI00001050
050457,HSI00000314
050228,HSI00001351
053311,HSI00000981
050013,HSI00000011
050125,HSI00000492
050153,HSI00001224
050604,HSI00000536
050038,HSI00000959
050773,HSI00000018
050232,HSI00000314
050506,HSI00001066
050078,HSI00000852
050510,HSI00000536
050360,HSI00000616
050396,HSI00000283
050357,HSI00000283
050071,HSI00000536
050107,HSI00000314
050290,HSI00000852
050112,HSI00001168
050291,HSI00001050
050236,HSI00000011
050755,HSI00000845
051331,HSI00000283
050335,HSI00000011
050070,HSI00000536
053305,HSI00001033
054123,HSI00000314
050084,HSI00000314
051320,HSI00000073
050352,HSI00000086
050761,HSI00000852
050549,HSI00000492
051301,HSI00000011
050351,HSI00000190
050353,HSI00000852
050376,HSI00000593
050313,HSI00001050
050633,HSI00001066
054053,HSI00001148
051328,HSI00001059
050279,HSI00001066
050179,HSI00001066
050301,HSI00000011
050099,HSI00000954
050073,HSI00000536
054074,HSI00000011
050101,HSI00001050
050040,HSI00000593
050137,HSI00000536
050159,HSI00001223
050057,HSI00000540
050180,HSI00000530
050169,HSI00000805
051310,HSI00000011
051306,HSI00000011
050127,HSI00000314
050677,HSI00000536
050552,HSI00001168
020017,HSI00000492
020001,HSI00000852
021311,HSI00000814
021306,HSI00000852
024001,HSI00001148
020006,HSI00000249
021302,HSI00000852
021301,HSI00000852
120026,HSI00000455
120028,HSI00001087
120005,HSI00000454
121307,HSI00000454
120019,HSI00000454
121302,HSI00000454
121301,HSI00000454
121306,HSI00000454
120014,HSI00000455
121300,HSI00000454
121305,HSI00000536
121308,HSI00000536
120002,HSI00000536
121303,HSI00001087
124001,HSI00001050
120011,HSI00000536
123300,HSI00000455
120007,HSI00000554
122001,HSI00000454
120001,HSI00001087
123301,HSI00000981
120022,HSI00000455
121304,HSI00000454
120006,HSI00000011
